{
    "patient_id": 4001,
    "signal_file": "4001_ecg.npz",
    "hr_mean": 110.97314170910839,
    "hr_std": 38.48813344181383,
    "sdnn_ms": 250.1908315131803,
    "rmssd_ms": 368.3195409509698,
    "n_peaks": 361
}